Location ID,Meter Number,Name,kWh Cons 2019-02, kWh Cons 2019-03,kWh % Change,KW 2019-02, KW 2019-03,KW % Change
100001,1234567,"BOBERT, BOB P                 ",695,605,0.870504,0,0,0
100002,123456,"DOVE, LONELY                  ",769,703.04,0.914226,0,0,0
100003,12345,"BATES, NORM                   ",1256,1240.1,0.987341,0,0,0
100004,1234,BIG BIBLE CHURCH              ,36640,36215,0.988401,150.4,150.4,1
100005,123,"MARSHALL, SHERRIF             ",586,543,0.926621,0,0,0
100006,12,L&L WHOLESALE INC             ,28680,28130,0.980823,52,52,1
100007,1,"DUKE, KING                    ",596,40,0.0671141,0,0,0
100008,0,PIDDLE POTTERY                ,1437,1245,0.866388,13.5,13.5,1
